id;user_id;title;body
1;44903;interface New Mexico EXE;Orchestrator
2;97951;action-items;Steel leading-edge
3;50890;copy solutions Tools;Home Loan Account
4;33360;magenta Guadeloupe orchid;deposit Isle
5;81723;Markets Kroon Dominica;methodologies
6;55408;Handmade Common compress;Incredible Cotton Tuna Illinois Identity
7;75900;PCI Communications;mint green Licensed Soft Shoes
8;96767;plum Investor help-desk;Avon
9;54898;Steel Digitized;Montserrat navigate Soft
10;51819;Fantastic Wooden Table;Technician
